post_id,creator_id,topic,content_type,hashtags,publish_time,media_length
P1,C88,Comedy,Image,#comedy,2026-01-30 18:52:46.961387,25
P2,C90,Comedy,Video,#comedy,2026-02-04 23:52:46.961420,89
P3,C7,Fitness,Reel,#fitness,2026-02-13 13:52:46.961442,49
P4,C12,Fitness,Video,#fitness,2026-02-13 08:52:46.961462,59
P5,C43,Tech,Video,#tech,2026-02-02 05:52:46.961481,50
P6,C6,Fitness,Video,#fitness,2026-02-11 11:52:46.961501,18
P7,C92,Comedy,Video,#comedy,2026-01-27 15:52:46.961521,12
P8,C84,Music,Image,#music,2026-01-25 04:52:46.961543,64
P9,C1,Comedy,Reel,#comedy,2026-02-01 16:52:46.961565,107
P10,C47,Education,Video,#education,2026-02-13 03:52:46.961585,23
P11,C54,Education,Reel,#education,2026-02-03 14:52:46.961608,40
P12,C88,Fitness,Image,#fitness,2026-02-02 08:52:46.961627,115
P13,C96,Cooking,Reel,#cooking,2026-02-04 13:52:46.961647,45
P14,C58,Comedy,Image,#comedy,2026-01-30 18:52:46.961667,34
P15,C59,Tech,Reel,#tech,2026-01-29 23:52:46.961686,27
P16,C37,Travel,Video,#travel,2026-02-04 18:52:46.961705,73
P17,C72,Tech,Reel,#tech,2026-01-30 03:52:46.961724,95
P18,C83,Music,Video,#music,2026-01-30 17:52:46.961744,108
P19,C63,Fitness,Image,#fitness,2026-01-27 04:52:46.961763,112
P20,C100,Music,Image,#music,2026-01-28 10:52:46.961782,21
P21,C15,Education,Image,#education,2026-02-10 00:52:46.961800,46
P22,C79,Comedy,Reel,#comedy,2026-02-09 18:52:46.961819,35
P23,C2,Tech,Image,#tech,2026-02-04 01:52:46.961838,13
P24,C86,Travel,Reel,#travel,2026-02-02 14:52:46.961858,68
P25,C90,Fitness,Image,#fitness,2026-01-28 01:52:46.961876,75
P26,C8,Comedy,Image,#comedy,2026-02-04 16:52:46.961895,27
P27,C55,Music,Reel,#music,2026-01-28 15:52:46.961914,83
P28,C99,Cooking,Image,#cooking,2026-01-28 18:52:46.961933,72
P29,C76,Fitness,Video,#fitness,2026-01-27 14:52:46.961952,87
P30,C56,Tech,Image,#tech,2026-02-01 22:52:46.961971,34
P31,C21,Travel,Image,#travel,2026-02-13 14:52:46.961990,92
P32,C48,Music,Video,#music,2026-02-06 09:52:46.962009,117
P33,C96,Travel,Image,#travel,2026-02-08 08:52:46.962028,78
P34,C4,Tech,Reel,#tech,2026-01-26 05:52:46.962049,18
P35,C35,Comedy,Video,#comedy,2026-01-26 19:52:46.962069,27
P36,C97,Fitness,Video,#fitness,2026-01-31 04:52:46.962088,52
P37,C95,Travel,Reel,#travel,2026-02-05 07:52:46.962108,87
P38,C67,Tech,Video,#tech,2026-01-31 19:52:46.962126,11
P39,C15,Education,Video,#education,2026-01-31 04:52:46.962145,105
P40,C7,Music,Reel,#music,2026-01-27 09:52:46.962164,39
P41,C81,Music,Reel,#music,2026-01-29 18:52:46.962183,97
P42,C6,Fitness,Reel,#fitness,2026-01-30 21:52:46.962203,110
P43,C24,Music,Reel,#music,2026-02-07 05:52:46.962222,56
P44,C79,Fitness,Reel,#fitness,2026-02-03 23:52:46.962241,33
P45,C65,Travel,Video,#travel,2026-01-30 02:52:46.962260,37
P46,C71,Education,Video,#education,2026-02-07 11:52:46.962280,20
P47,C86,Travel,Image,#travel,2026-02-09 09:52:46.962299,102
P48,C42,Tech,Image,#tech,2026-02-05 11:52:46.962318,87
P49,C82,Tech,Reel,#tech,2026-02-09 07:52:46.962337,118
P50,C53,Tech,Image,#tech,2026-02-10 01:52:46.962357,14
P51,C97,Cooking,Reel,#cooking,2026-02-02 07:52:46.962376,81
P52,C63,Education,Reel,#education,2026-01-26 20:52:46.962394,46
P53,C98,Education,Image,#education,2026-01-27 13:52:46.962414,101
P54,C39,Music,Image,#music,2026-01-25 09:52:46.962450,87
P55,C53,Travel,Reel,#travel,2026-02-08 17:52:46.962473,115
P56,C82,Tech,Video,#tech,2026-02-13 22:52:46.962495,111
P57,C28,Comedy,Image,#comedy,2026-01-30 01:52:46.962514,104
P58,C20,Fitness,Image,#fitness,2026-01-30 05:52:46.962534,76
P59,C87,Education,Image,#education,2026-02-06 08:52:46.962552,80
P60,C34,Travel,Image,#travel,2026-02-11 19:52:46.962574,18
P61,C48,Fitness,Reel,#fitness,2026-02-12 12:52:46.962617,57
P62,C45,Travel,Video,#travel,2026-01-29 17:52:46.962638,87
P63,C25,Fitness,Image,#fitness,2026-02-09 06:52:46.962657,88
P64,C80,Fitness,Reel,#fitness,2026-02-06 06:52:46.962677,77
P65,C19,Education,Video,#education,2026-02-09 02:52:46.962698,87
P66,C33,Travel,Image,#travel,2026-02-02 07:52:46.962717,31
P67,C3,Comedy,Video,#comedy,2026-01-25 19:52:46.962737,84
P68,C48,Travel,Reel,#travel,2026-02-03 07:52:46.962756,116
P69,C40,Tech,Video,#tech,2026-01-29 10:52:46.962775,103
P70,C2,Cooking,Image,#cooking,2026-02-03 11:52:46.962817,102
P71,C97,Travel,Reel,#travel,2026-02-04 09:52:46.962838,64
P72,C72,Comedy,Reel,#comedy,2026-01-26 17:52:46.962857,106
P73,C6,Tech,Image,#tech,2026-02-09 21:52:46.962896,118
P74,C19,Fitness,Video,#fitness,2026-02-04 10:52:46.962917,42
P75,C40,Comedy,Video,#comedy,2026-01-29 07:52:46.962935,17
P76,C57,Travel,Reel,#travel,2026-02-08 12:52:46.962960,96
P77,C35,Travel,Image,#travel,2026-01-25 22:52:46.963019,62
P78,C54,Tech,Reel,#tech,2026-02-02 12:52:46.963041,76
P79,C62,Education,Reel,#education,2026-02-07 21:52:46.963063,107
P80,C46,Music,Image,#music,2026-02-06 21:52:46.963104,17
P81,C39,Fitness,Image,#fitness,2026-02-12 04:52:46.963124,55
P82,C38,Music,Video,#music,2026-02-05 02:52:46.963143,101
P83,C40,Travel,Image,#travel,2026-02-04 09:52:46.963163,26
P84,C33,Education,Reel,#education,2026-02-01 09:52:46.963182,89
P85,C93,Cooking,Video,#cooking,2026-01-26 17:52:46.963200,102
P86,C77,Comedy,Reel,#comedy,2026-01-31 00:52:46.963220,78
P87,C10,Music,Image,#music,2026-02-09 04:52:46.963240,22
P88,C65,Tech,Video,#tech,2026-02-04 06:52:46.963261,55
P89,C8,Travel,Video,#travel,2026-01-29 20:52:46.963280,114
P90,C67,Fitness,Reel,#fitness,2026-01-28 04:52:46.963299,58
P91,C49,Cooking,Image,#cooking,2026-01-26 15:52:46.963318,45
P92,C39,Comedy,Reel,#comedy,2026-02-05 15:52:46.963337,112
P93,C56,Cooking,Reel,#cooking,2026-01-29 01:52:46.963356,39
P94,C12,Fitness,Video,#fitness,2026-02-06 17:52:46.963375,40
P95,C87,Tech,Image,#tech,2026-02-13 07:52:46.963394,102
P96,C75,Cooking,Reel,#cooking,2026-02-10 08:52:46.963413,73
P97,C12,Education,Image,#education,2026-02-11 22:52:46.963432,112
P98,C62,Travel,Video,#travel,2026-02-04 12:52:46.963452,107
P99,C77,Education,Image,#education,2026-02-02 01:52:46.963473,98
P100,C24,Tech,Video,#tech,2026-02-08 19:52:46.963492,22
P101,C31,Comedy,Reel,#comedy,2026-02-02 09:52:46.963513,69
P102,C27,Education,Image,#education,2026-02-04 13:52:46.963531,88
P103,C33,Tech,Reel,#tech,2026-02-08 09:52:46.963552,110
P104,C73,Education,Reel,#education,2026-01-30 18:52:46.963570,34
P105,C77,Education,Video,#education,2026-02-09 16:52:46.963590,40
P106,C54,Comedy,Video,#comedy,2026-02-07 17:52:46.963608,52
P107,C89,Fitness,Image,#fitness,2026-02-12 06:52:46.963627,112
P108,C71,Music,Image,#music,2026-02-11 15:52:46.963646,118
P109,C39,Comedy,Image,#comedy,2026-01-24 11:52:46.963665,95
P110,C8,Cooking,Image,#cooking,2026-02-02 04:52:46.963685,119
P111,C81,Travel,Reel,#travel,2026-01-29 07:52:46.963704,36
P112,C8,Education,Reel,#education,2026-01-29 08:52:46.963723,73
P113,C93,Travel,Video,#travel,2026-02-05 13:52:46.963743,28
P114,C8,Music,Reel,#music,2026-02-06 16:52:46.963764,102
P115,C100,Travel,Image,#travel,2026-02-01 17:52:46.963783,69
P116,C76,Education,Video,#education,2026-02-10 22:52:46.963803,82
P117,C39,Travel,Video,#travel,2026-02-09 22:52:46.963823,27
P118,C79,Music,Reel,#music,2026-02-04 09:52:46.963842,52
P119,C35,Travel,Reel,#travel,2026-02-06 15:52:46.963861,71
P120,C69,Travel,Video,#travel,2026-02-10 05:52:46.963882,99
P121,C86,Education,Image,#education,2026-01-28 19:52:46.963901,65
P122,C76,Comedy,Reel,#comedy,2026-01-28 09:52:46.963920,14
P123,C23,Cooking,Reel,#cooking,2026-02-06 10:52:46.963939,102
P124,C80,Music,Reel,#music,2026-02-02 15:52:46.963958,73
P125,C8,Fitness,Image,#fitness,2026-01-31 07:52:46.963977,48
P126,C37,Travel,Reel,#travel,2026-01-31 10:52:46.963996,113
P127,C33,Education,Image,#education,2026-02-11 23:52:46.964019,53
P128,C34,Travel,Image,#travel,2026-01-29 11:52:46.964038,71
P129,C23,Music,Image,#music,2026-02-09 07:52:46.964057,98
P130,C61,Fitness,Image,#fitness,2026-01-27 15:52:46.964077,93
P131,C34,Cooking,Reel,#cooking,2026-02-02 20:52:46.964095,68
P132,C10,Fitness,Reel,#fitness,2026-02-12 08:52:46.964114,117
P133,C91,Fitness,Reel,#fitness,2026-02-01 02:52:46.964133,58
P134,C100,Education,Image,#education,2026-02-07 13:52:46.964152,19
P135,C11,Music,Reel,#music,2026-01-29 10:52:46.964171,114
P136,C62,Education,Reel,#education,2026-01-25 01:52:46.964190,110
P137,C17,Music,Video,#music,2026-02-12 13:52:46.964210,28
P138,C67,Travel,Video,#travel,2026-01-24 10:52:46.964229,73
P139,C83,Education,Reel,#education,2026-02-02 21:52:46.964248,81
P140,C18,Tech,Image,#tech,2026-02-01 22:52:46.964269,58
P141,C12,Comedy,Reel,#comedy,2026-01-31 14:52:46.964289,119
P142,C55,Cooking,Video,#cooking,2026-02-07 09:52:46.964308,30
P143,C37,Tech,Image,#tech,2026-02-13 04:52:46.964327,16
P144,C81,Comedy,Reel,#comedy,2026-01-31 14:52:46.964346,106
P145,C71,Travel,Image,#travel,2026-01-31 12:52:46.964364,21
P146,C35,Education,Video,#education,2026-02-08 08:52:46.964383,32
P147,C83,Travel,Video,#travel,2026-01-27 14:52:46.964403,97
P148,C80,Cooking,Reel,#cooking,2026-01-26 06:52:46.964422,84
P149,C31,Comedy,Reel,#comedy,2026-01-28 16:52:46.964441,40
P150,C2,Education,Image,#education,2026-02-01 04:52:46.964461,84
P151,C34,Education,Image,#education,2026-02-13 00:52:46.964480,75
P152,C16,Education,Video,#education,2026-02-02 00:52:46.964501,90
P153,C21,Tech,Image,#tech,2026-01-26 06:52:46.964524,111
P154,C8,Comedy,Video,#comedy,2026-01-26 11:52:46.964543,50
P155,C75,Music,Video,#music,2026-02-13 03:52:46.964562,80
P156,C83,Music,Image,#music,2026-02-07 16:52:46.964657,116
P157,C66,Fitness,Reel,#fitness,2026-01-31 15:52:46.964677,66
P158,C37,Comedy,Reel,#comedy,2026-01-26 06:52:46.964696,82
P159,C25,Cooking,Image,#cooking,2026-02-06 04:52:46.964716,15
P160,C18,Travel,Image,#travel,2026-01-25 04:52:46.964735,74
P161,C77,Comedy,Video,#comedy,2026-02-12 01:52:46.964753,76
P162,C82,Cooking,Reel,#cooking,2026-02-02 06:52:46.964777,100
P163,C17,Education,Reel,#education,2026-02-10 08:52:46.964799,45
P164,C26,Comedy,Video,#comedy,2026-02-10 15:52:46.964818,34
P165,C2,Education,Reel,#education,2026-01-29 00:52:46.964840,13
P166,C36,Music,Video,#music,2026-02-05 16:52:46.964860,110
P167,C89,Travel,Image,#travel,2026-02-07 06:52:46.964879,93
P168,C33,Music,Video,#music,2026-02-08 00:52:46.964898,55
P169,C16,Music,Video,#music,2026-02-05 01:52:46.964917,17
P170,C88,Fitness,Video,#fitness,2026-02-02 18:52:46.964936,106
P171,C66,Education,Reel,#education,2026-02-09 01:52:46.964955,83
P172,C82,Music,Reel,#music,2026-02-09 12:52:46.964974,100
P173,C13,Cooking,Video,#cooking,2026-02-05 03:52:46.964993,86
P174,C27,Cooking,Reel,#cooking,2026-02-07 21:52:46.965015,76
P175,C63,Cooking,Reel,#cooking,2026-01-25 02:52:46.965035,57
P176,C63,Music,Video,#music,2026-01-27 10:52:46.965054,26
P177,C40,Cooking,Video,#cooking,2026-02-11 20:52:46.965073,96
P178,C84,Fitness,Video,#fitness,2026-02-09 04:52:46.965093,107
P179,C74,Travel,Image,#travel,2026-01-29 09:52:46.965112,79
P180,C100,Tech,Image,#tech,2026-01-29 14:52:46.965130,32
P181,C27,Travel,Video,#travel,2026-02-04 08:52:46.965149,46
P182,C6,Cooking,Reel,#cooking,2026-01-27 03:52:46.965168,31
P183,C88,Cooking,Video,#cooking,2026-02-10 22:52:46.965187,99
P184,C72,Fitness,Reel,#fitness,2026-02-03 16:52:46.965207,79
P185,C99,Travel,Video,#travel,2026-02-01 01:52:46.965226,55
P186,C36,Travel,Reel,#travel,2026-02-03 02:52:46.965245,21
P187,C42,Travel,Image,#travel,2026-01-26 06:52:46.965264,20
P188,C36,Tech,Image,#tech,2026-02-02 04:52:46.965284,22
P189,C18,Cooking,Reel,#cooking,2026-02-06 13:52:46.965303,33
P190,C73,Education,Image,#education,2026-02-03 16:52:46.965329,114
P191,C10,Tech,Reel,#tech,2026-02-04 15:52:46.965364,24
P192,C3,Fitness,Image,#fitness,2026-02-05 23:52:46.965384,76
P193,C56,Education,Image,#education,2026-02-02 22:52:46.965403,118
P194,C92,Travel,Reel,#travel,2026-02-01 14:52:46.965434,66
P195,C50,Travel,Image,#travel,2026-01-28 14:52:46.965471,27
P196,C82,Tech,Video,#tech,2026-02-10 13:52:46.965489,11
P197,C84,Travel,Image,#travel,2026-02-07 19:52:46.965527,80
P198,C38,Music,Reel,#music,2026-02-08 16:52:46.965549,20
P199,C65,Travel,Video,#travel,2026-01-25 18:52:46.965568,11
P200,C85,Tech,Video,#tech,2026-01-25 14:52:46.965588,30
P201,C88,Tech,Image,#tech,2026-01-28 17:52:46.965608,31
P202,C20,Travel,Video,#travel,2026-02-02 07:52:46.965628,106
P203,C24,Music,Video,#music,2026-02-05 18:52:46.965646,33
P204,C60,Education,Image,#education,2026-01-26 00:52:46.965665,89
P205,C24,Comedy,Reel,#comedy,2026-02-13 03:52:46.965686,75
P206,C80,Music,Reel,#music,2026-01-31 20:52:46.965706,84
P207,C51,Fitness,Image,#fitness,2026-02-13 00:52:46.965724,46
P208,C81,Travel,Reel,#travel,2026-02-01 22:52:46.965743,51
P209,C28,Comedy,Image,#comedy,2026-01-29 02:52:46.965762,19
P210,C59,Travel,Reel,#travel,2026-02-05 17:52:46.965782,56
P211,C42,Music,Reel,#music,2026-01-27 21:52:46.965802,35
P212,C1,Comedy,Reel,#comedy,2026-02-09 19:52:46.965824,11
P213,C81,Music,Image,#music,2026-01-26 06:52:46.965843,61
P214,C91,Cooking,Reel,#cooking,2026-02-02 03:52:46.965864,119
P215,C49,Cooking,Video,#cooking,2026-01-31 01:52:46.965883,62
P216,C83,Tech,Video,#tech,2026-01-26 09:52:46.965911,18
P217,C22,Travel,Reel,#travel,2026-02-01 18:52:46.965941,48
P218,C73,Music,Image,#music,2026-02-12 05:52:46.965960,16
P219,C80,Comedy,Video,#comedy,2026-01-29 18:52:46.965980,46
P220,C83,Music,Video,#music,2026-02-09 00:52:46.966025,90
P221,C64,Travel,Reel,#travel,2026-02-11 15:52:46.966045,81
P222,C61,Comedy,Video,#comedy,2026-02-11 11:52:46.966063,39
P223,C20,Tech,Reel,#tech,2026-01-30 02:52:46.966105,83
P224,C24,Tech,Video,#tech,2026-02-08 17:52:46.966124,86
P225,C89,Comedy,Reel,#comedy,2026-02-03 16:52:46.966143,97
P226,C66,Cooking,Reel,#cooking,2026-01-25 18:52:46.966177,82
P227,C28,Fitness,Video,#fitness,2026-01-24 22:52:46.966199,19
P228,C65,Travel,Video,#travel,2026-01-28 20:52:46.966219,69
P229,C15,Fitness,Video,#fitness,2026-01-31 16:52:46.966251,114
P230,C22,Cooking,Image,#cooking,2026-02-11 06:52:46.966271,65
P231,C23,Tech,Video,#tech,2026-01-25 10:52:46.966290,114
P232,C6,Education,Reel,#education,2026-02-06 06:52:46.966317,18
P233,C60,Comedy,Video,#comedy,2026-02-04 20:52:46.966344,60
P234,C60,Music,Video,#music,2026-02-02 06:52:46.966364,107
P235,C41,Music,Video,#music,2026-01-26 19:52:46.966383,23
P236,C36,Tech,Video,#tech,2026-01-31 06:52:46.966417,17
P237,C26,Tech,Video,#tech,2026-02-13 01:52:46.966451,77
P238,C62,Music,Image,#music,2026-02-09 21:52:46.966480,111
P239,C42,Comedy,Video,#comedy,2026-02-08 22:52:46.966508,91
P240,C10,Travel,Image,#travel,2026-01-25 19:52:46.966526,10
P241,C39,Comedy,Video,#comedy,2026-02-02 22:52:46.966546,13
P242,C60,Comedy,Reel,#comedy,2026-01-30 22:52:46.966596,114
P243,C34,Tech,Reel,#tech,2026-01-27 05:52:46.966615,42
P244,C98,Education,Video,#education,2026-02-03 03:52:46.966646,63
P245,C84,Cooking,Video,#cooking,2026-02-14 04:52:46.966665,14
P246,C80,Education,Video,#education,2026-02-13 01:52:46.966683,104
P247,C23,Comedy,Image,#comedy,2026-02-08 04:52:46.966702,107
P248,C13,Music,Image,#music,2026-02-02 09:52:46.966756,51
P249,C96,Fitness,Video,#fitness,2026-02-09 02:52:46.966776,73
P250,C31,Cooking,Image,#cooking,2026-01-26 04:52:46.966795,19
P251,C8,Comedy,Video,#comedy,2026-02-01 02:52:46.966813,59
P252,C69,Music,Reel,#music,2026-01-25 06:52:46.966852,26
P253,C75,Tech,Video,#tech,2026-02-08 19:52:46.966873,46
P254,C1,Tech,Reel,#tech,2026-01-29 11:52:46.966892,34
P255,C3,Cooking,Reel,#cooking,2026-02-05 06:52:46.966938,85
P256,C74,Travel,Image,#travel,2026-02-11 03:52:46.966960,103
P257,C22,Music,Reel,#music,2026-02-08 19:52:46.966994,103
P258,C66,Travel,Video,#travel,2026-02-04 00:52:46.967014,81
P259,C48,Travel,Video,#travel,2026-02-13 14:52:46.967033,62
P260,C44,Travel,Reel,#travel,2026-01-31 16:52:46.967060,28
P261,C38,Fitness,Image,#fitness,2026-02-09 08:52:46.967089,52
P262,C20,Tech,Video,#tech,2026-01-31 03:52:46.967108,66
P263,C50,Travel,Reel,#travel,2026-02-07 19:52:46.967127,39
P264,C73,Music,Image,#music,2026-02-07 14:52:46.967174,51
P265,C68,Comedy,Video,#comedy,2026-01-31 15:52:46.967194,87
P266,C68,Travel,Image,#travel,2026-01-29 21:52:46.967220,112
P267,C17,Fitness,Video,#fitness,2026-02-06 18:52:46.967249,79
P268,C63,Comedy,Image,#comedy,2026-01-25 21:52:46.967271,39
P269,C25,Fitness,Image,#fitness,2026-02-07 19:52:46.967297,65
P270,C22,Cooking,Image,#cooking,2026-02-07 14:52:46.967331,35
P271,C42,Cooking,Image,#cooking,2026-02-12 06:52:46.967351,22
P272,C89,Travel,Reel,#travel,2026-02-08 05:52:46.967371,82
P273,C28,Comedy,Image,#comedy,2026-02-07 04:52:46.967409,86
P274,C31,Comedy,Reel,#comedy,2026-01-25 03:52:46.967428,81
P275,C59,Cooking,Reel,#cooking,2026-02-04 15:52:46.967447,105
P276,C54,Travel,Video,#travel,2026-02-09 20:52:46.967480,74
P277,C74,Education,Image,#education,2026-01-29 07:52:46.967500,19
P278,C47,Fitness,Reel,#fitness,2026-02-12 15:52:46.967521,21
P279,C45,Cooking,Image,#cooking,2026-01-26 11:52:46.967567,84
P280,C41,Fitness,Video,#fitness,2026-02-02 19:52:46.967590,29
P281,C14,Travel,Video,#travel,2026-02-01 07:52:46.967610,40
P282,C58,Travel,Reel,#travel,2026-02-08 21:52:46.967651,91
P283,C30,Cooking,Image,#cooking,2026-02-03 16:52:46.967669,28
P284,C72,Tech,Image,#tech,2026-02-14 02:52:46.967688,76
P285,C86,Cooking,Video,#cooking,2026-02-08 07:52:46.967707,18
P286,C62,Music,Video,#music,2026-01-26 01:52:46.967727,46
P287,C96,Fitness,Image,#fitness,2026-02-12 00:52:46.967754,56
P288,C75,Tech,Image,#tech,2026-02-07 01:52:46.967774,49
P289,C47,Music,Image,#music,2026-02-05 08:52:46.967792,61
P290,C84,Tech,Image,#tech,2026-02-05 16:52:46.967811,82
P291,C4,Tech,Video,#tech,2026-02-11 00:52:46.967834,57
P292,C26,Music,Reel,#music,2026-01-31 08:52:46.967854,48
P293,C92,Travel,Image,#travel,2026-02-10 13:52:46.967875,92
P294,C77,Comedy,Reel,#comedy,2026-02-13 01:52:46.967893,75
P295,C10,Music,Reel,#music,2026-02-05 16:52:46.967913,67
P296,C73,Cooking,Reel,#cooking,2026-01-29 08:52:46.967931,93
P297,C15,Cooking,Video,#cooking,2026-02-07 21:52:46.967950,39
P298,C62,Comedy,Reel,#comedy,2026-02-03 18:52:46.967971,56
P299,C16,Travel,Video,#travel,2026-02-04 21:52:46.967990,52
P300,C8,Tech,Image,#tech,2026-02-09 00:52:46.968009,21
P301,C84,Music,Image,#music,2026-02-06 20:52:46.968028,72
P302,C62,Fitness,Video,#fitness,2026-02-01 10:52:46.968061,42
P303,C30,Fitness,Image,#fitness,2026-01-31 03:52:46.968089,101
P304,C23,Music,Reel,#music,2026-02-04 20:52:46.968110,54
P305,C62,Education,Image,#education,2026-02-02 22:52:46.968144,115
P306,C46,Music,Reel,#music,2026-01-26 21:52:46.968166,53
P307,C75,Comedy,Image,#comedy,2026-02-06 07:52:46.968185,98
P308,C52,Music,Video,#music,2026-01-31 02:52:46.968227,75
P309,C22,Tech,Video,#tech,2026-01-31 13:52:46.968247,34
P310,C46,Cooking,Reel,#cooking,2026-02-01 04:52:46.968271,96
P311,C5,Education,Video,#education,2026-01-30 20:52:46.968310,17
P312,C16,Music,Video,#music,2026-02-09 09:52:46.968332,70
P313,C15,Cooking,Reel,#cooking,2026-02-08 18:52:46.968352,111
P314,C54,Music,Reel,#music,2026-01-24 14:52:46.968396,114
P315,C82,Fitness,Reel,#fitness,2026-02-12 04:52:46.968417,112
P316,C65,Fitness,Video,#fitness,2026-02-02 10:52:46.968438,84
P317,C5,Education,Image,#education,2026-02-11 20:52:46.968473,102
P318,C15,Fitness,Image,#fitness,2026-01-30 08:52:46.968494,85
P319,C30,Tech,Video,#tech,2026-02-08 18:52:46.968512,82
P320,C41,Education,Reel,#education,2026-02-08 19:52:46.968545,32
P321,C23,Fitness,Video,#fitness,2026-01-28 13:52:46.968566,18
P322,C13,Tech,Image,#tech,2026-02-01 10:52:46.968586,73
P323,C52,Cooking,Reel,#cooking,2026-02-10 01:52:46.968614,74
P324,C18,Education,Image,#education,2026-01-28 20:52:46.968640,22
P325,C40,Education,Video,#education,2026-02-05 14:52:46.968659,52
P326,C44,Music,Video,#music,2026-02-07 21:52:46.968678,45
P327,C10,Tech,Reel,#tech,2026-01-24 20:52:46.968724,118
P328,C75,Tech,Reel,#tech,2026-01-28 11:52:46.968744,103
P329,C63,Tech,Video,#tech,2026-02-03 01:52:46.968764,30
P330,C25,Fitness,Video,#fitness,2026-02-08 23:52:46.968783,59
P331,C62,Education,Video,#education,2026-01-30 10:52:46.968801,105
P332,C49,Music,Video,#music,2026-02-05 12:52:46.968822,34
P333,C59,Comedy,Video,#comedy,2026-02-09 20:52:46.968844,108
P334,C19,Education,Video,#education,2026-02-09 07:52:46.968863,103
P335,C50,Cooking,Reel,#cooking,2026-02-13 15:52:46.968882,119
P336,C1,Travel,Reel,#travel,2026-01-30 20:52:46.968901,25
P337,C79,Travel,Image,#travel,2026-02-07 01:52:46.968920,89
P338,C14,Comedy,Image,#comedy,2026-02-06 14:52:46.968939,24
P339,C83,Travel,Reel,#travel,2026-02-02 10:52:46.968957,83
P340,C99,Education,Video,#education,2026-01-31 13:52:46.968977,101
P341,C23,Tech,Reel,#tech,2026-01-26 14:52:46.968997,115
P342,C93,Cooking,Image,#cooking,2026-02-04 21:52:46.969017,106
P343,C90,Cooking,Image,#cooking,2026-02-05 06:52:46.969036,73
P344,C32,Tech,Image,#tech,2026-02-03 00:52:46.969201,75
P345,C19,Comedy,Image,#comedy,2026-02-06 10:52:46.969301,95
P346,C15,Travel,Video,#travel,2026-01-28 02:52:46.969325,69
P347,C73,Tech,Video,#tech,2026-02-13 12:52:46.969346,104
P348,C44,Travel,Image,#travel,2026-02-04 16:52:46.969366,102
P349,C82,Education,Reel,#education,2026-02-04 14:52:46.969386,79
P350,C76,Comedy,Reel,#comedy,2026-01-27 09:52:46.969405,83
P351,C54,Tech,Image,#tech,2026-02-12 22:52:46.969424,16
P352,C58,Cooking,Reel,#cooking,2026-02-13 19:52:46.969443,48
P353,C28,Music,Video,#music,2026-02-09 06:52:46.969463,76
P354,C43,Education,Video,#education,2026-02-01 09:52:46.969486,110
P355,C56,Tech,Image,#tech,2026-01-28 20:52:46.969508,112
P356,C92,Education,Image,#education,2026-02-09 16:52:46.969527,70
P357,C40,Tech,Reel,#tech,2026-01-28 05:52:46.969546,60
P358,C58,Travel,Reel,#travel,2026-02-07 12:52:46.969566,25
P359,C22,Cooking,Video,#cooking,2026-02-11 15:52:46.969586,116
P360,C82,Education,Reel,#education,2026-02-10 11:52:46.969604,81
P361,C70,Music,Image,#music,2026-01-28 06:52:46.969637,41
P362,C86,Travel,Image,#travel,2026-02-01 04:52:46.969657,118
P363,C9,Education,Image,#education,2026-01-28 20:52:46.969676,22
P364,C58,Fitness,Image,#fitness,2026-01-25 04:52:46.969695,30
P365,C64,Education,Reel,#education,2026-01-25 05:52:46.969714,44
P366,C15,Music,Reel,#music,2026-01-30 00:52:46.969733,94
P367,C97,Tech,Image,#tech,2026-02-04 20:52:46.969753,37
P368,C95,Comedy,Reel,#comedy,2026-01-25 03:52:46.969772,73
P369,C79,Music,Image,#music,2026-02-09 18:52:46.969791,24
P370,C6,Tech,Video,#tech,2026-01-30 08:52:46.969813,93
P371,C98,Music,Reel,#music,2026-02-05 11:52:46.969832,101
P372,C51,Cooking,Image,#cooking,2026-02-01 08:52:46.969851,65
P373,C59,Music,Reel,#music,2026-01-30 17:52:46.969871,67
P374,C88,Comedy,Video,#comedy,2026-02-01 18:52:46.969890,85
P375,C51,Fitness,Video,#fitness,2026-02-05 02:52:46.969909,92
P376,C24,Travel,Video,#travel,2026-02-07 17:52:46.969930,119
P377,C82,Tech,Reel,#tech,2026-01-28 00:52:46.969950,26
P378,C68,Tech,Video,#tech,2026-02-11 16:52:46.969970,102
P379,C68,Travel,Video,#travel,2026-01-25 06:52:46.969988,76
P380,C2,Cooking,Video,#cooking,2026-01-27 04:52:46.970007,79
P381,C26,Fitness,Image,#fitness,2026-02-10 12:52:46.970026,27
P382,C54,Cooking,Video,#cooking,2026-02-04 05:52:46.970045,112
P383,C3,Education,Video,#education,2026-02-07 08:52:46.970068,60
P384,C15,Music,Reel,#music,2026-01-31 02:52:46.970087,65
P385,C47,Travel,Image,#travel,2026-02-08 11:52:46.970107,111
P386,C78,Cooking,Video,#cooking,2026-01-31 02:52:46.970128,39
P387,C5,Education,Image,#education,2026-02-05 22:52:46.970147,92
P388,C31,Tech,Reel,#tech,2026-02-04 14:52:46.970167,97
P389,C98,Cooking,Image,#cooking,2026-02-12 05:52:46.970186,118
P390,C40,Music,Reel,#music,2026-02-07 04:52:46.970205,109
P391,C27,Fitness,Video,#fitness,2026-02-01 04:52:46.970225,26
P392,C71,Fitness,Image,#fitness,2026-02-03 20:52:46.970244,88
P393,C13,Fitness,Video,#fitness,2026-02-10 11:52:46.970264,95
P394,C92,Comedy,Video,#comedy,2026-02-04 11:52:46.970282,13
P395,C46,Travel,Image,#travel,2026-02-05 13:52:46.970301,42
P396,C93,Education,Reel,#education,2026-01-31 12:52:46.970323,68
P397,C31,Tech,Video,#tech,2026-01-29 02:52:46.970344,64
P398,C14,Travel,Video,#travel,2026-01-28 14:52:46.970364,11
P399,C24,Music,Image,#music,2026-01-30 09:52:46.970382,33
P400,C27,Comedy,Reel,#comedy,2026-02-04 23:52:46.970401,100
P401,C39,Education,Image,#education,2026-02-02 11:52:46.970420,74
P402,C4,Comedy,Video,#comedy,2026-02-03 12:52:46.970459,116
P403,C50,Music,Reel,#music,2026-01-28 18:52:46.970480,83
P404,C59,Music,Video,#music,2026-02-07 09:52:46.970499,65
P405,C90,Comedy,Video,#comedy,2026-02-03 04:52:46.970518,20
P406,C75,Music,Video,#music,2026-02-09 07:52:46.970537,79
P407,C77,Music,Image,#music,2026-01-25 15:52:46.970556,46
P408,C47,Fitness,Reel,#fitness,2026-01-25 23:52:46.970613,56
P409,C69,Travel,Reel,#travel,2026-02-11 13:52:46.970633,80
P410,C42,Travel,Reel,#travel,2026-01-31 04:52:46.970653,39
P411,C21,Tech,Video,#tech,2026-02-03 12:52:46.970690,74
P412,C33,Music,Video,#music,2026-01-28 03:52:46.970711,86
P413,C59,Tech,Video,#tech,2026-01-30 08:52:46.970731,50
P414,C30,Cooking,Video,#cooking,2026-02-12 05:52:46.970751,81
P415,C49,Education,Video,#education,2026-02-03 01:52:46.970783,78
P416,C88,Music,Video,#music,2026-01-26 12:52:46.970807,34
P417,C1,Travel,Reel,#travel,2026-02-08 18:52:46.970825,58
P418,C19,Tech,Image,#tech,2026-01-28 00:52:46.970845,59
P419,C2,Cooking,Video,#cooking,2026-01-26 17:52:46.970885,119
P420,C36,Comedy,Video,#comedy,2026-02-12 04:52:46.970907,85
P421,C60,Tech,Reel,#tech,2026-02-08 18:52:46.970928,52
P422,C57,Travel,Video,#travel,2026-02-06 19:52:46.970946,46
P423,C46,Travel,Image,#travel,2026-01-27 20:52:46.970990,89
P424,C11,Education,Reel,#education,2026-02-02 13:52:46.971013,73
P425,C80,Music,Reel,#music,2026-02-11 12:52:46.971033,97
P426,C88,Cooking,Reel,#cooking,2026-02-05 17:52:46.971080,26
P427,C89,Tech,Video,#tech,2026-02-02 22:52:46.971102,103
P428,C51,Fitness,Reel,#fitness,2026-02-11 03:52:46.971121,70
P429,C58,Education,Image,#education,2026-02-13 17:52:46.971168,55
P430,C31,Cooking,Image,#cooking,2026-02-04 08:52:46.971191,108
P431,C53,Comedy,Reel,#comedy,2026-01-31 00:52:46.971211,83
P432,C80,Education,Image,#education,2026-02-01 09:52:46.971231,98
P433,C31,Fitness,Reel,#fitness,2026-02-01 07:52:46.971271,26
P434,C75,Music,Image,#music,2026-01-30 04:52:46.971294,111
P435,C22,Comedy,Image,#comedy,2026-01-29 21:52:46.971314,36
P436,C37,Music,Video,#music,2026-02-12 18:52:46.971333,13
P437,C80,Comedy,Reel,#comedy,2026-01-29 12:52:46.971373,109
P438,C19,Travel,Video,#travel,2026-02-07 00:52:46.971393,35
P439,C22,Education,Reel,#education,2026-02-11 14:52:46.971412,37
P440,C65,Tech,Image,#tech,2026-01-27 16:52:46.971446,75
P441,C17,Music,Video,#music,2026-01-26 16:52:46.971488,18
P442,C77,Fitness,Video,#fitness,2026-01-25 21:52:46.971507,25
P443,C2,Travel,Image,#travel,2026-02-08 23:52:46.971527,51
P444,C77,Cooking,Video,#cooking,2026-01-24 22:52:46.971547,97
P445,C67,Music,Video,#music,2026-02-02 18:52:46.971565,16
P446,C9,Fitness,Video,#fitness,2026-02-11 23:52:46.971584,113
P447,C86,Travel,Video,#travel,2026-02-10 14:52:46.971605,11
P448,C50,Travel,Image,#travel,2026-02-12 22:52:46.971624,42
P449,C78,Fitness,Video,#fitness,2026-02-03 15:52:46.971642,16
P450,C31,Comedy,Reel,#comedy,2026-01-24 15:52:46.971662,56
P451,C78,Tech,Video,#tech,2026-02-09 18:52:46.971680,89
P452,C19,Cooking,Image,#cooking,2026-01-25 11:52:46.971699,15
P453,C49,Cooking,Reel,#cooking,2026-01-31 04:52:46.971718,104
P454,C12,Education,Reel,#education,2026-01-29 15:52:46.971737,78
P455,C100,Fitness,Image,#fitness,2026-02-01 03:52:46.971756,97
P456,C55,Cooking,Video,#cooking,2026-01-27 14:52:46.971775,99
P457,C68,Education,Video,#education,2026-01-26 01:52:46.971794,10
P458,C21,Fitness,Video,#fitness,2026-02-12 01:52:46.971815,91
P459,C43,Tech,Image,#tech,2026-02-09 12:52:46.971834,53
P460,C32,Travel,Image,#travel,2026-01-31 16:52:46.971855,77
P461,C28,Comedy,Image,#comedy,2026-02-06 16:52:46.971876,13
P462,C79,Cooking,Image,#cooking,2026-02-11 03:52:46.971895,56
P463,C56,Education,Reel,#education,2026-02-08 20:52:46.971915,44
P464,C64,Comedy,Reel,#comedy,2026-01-25 06:52:46.971934,68
P465,C1,Fitness,Image,#fitness,2026-02-02 00:52:46.971952,92
P466,C29,Cooking,Video,#cooking,2026-02-10 01:52:46.971971,70
P467,C93,Travel,Reel,#travel,2026-01-29 01:52:46.971989,23
P468,C91,Cooking,Reel,#cooking,2026-02-06 21:52:46.972010,12
P469,C87,Comedy,Video,#comedy,2026-02-07 22:52:46.972029,77
P470,C21,Comedy,Image,#comedy,2026-02-04 22:52:46.972048,94
P471,C26,Cooking,Reel,#cooking,2026-02-04 18:52:46.972068,47
P472,C88,Fitness,Video,#fitness,2026-02-13 00:52:46.972087,69
P473,C67,Cooking,Video,#cooking,2026-02-08 02:52:46.972106,55
P474,C49,Music,Reel,#music,2026-01-29 20:52:46.972125,66
P475,C14,Tech,Video,#tech,2026-01-31 08:52:46.972144,111
P476,C12,Education,Image,#education,2026-01-30 07:52:46.972163,48
P477,C33,Cooking,Video,#cooking,2026-01-31 16:52:46.972182,79
P478,C31,Education,Video,#education,2026-02-09 13:52:46.972201,55
P479,C97,Comedy,Reel,#comedy,2026-01-25 13:52:46.972219,83
P480,C41,Education,Video,#education,2026-01-29 02:52:46.972238,68
P481,C52,Travel,Video,#travel,2026-01-28 01:52:46.972257,92
P482,C87,Comedy,Video,#comedy,2026-02-04 20:52:46.972276,107
P483,C97,Comedy,Image,#comedy,2026-02-11 16:52:46.972298,69
P484,C71,Education,Reel,#education,2026-01-24 16:52:46.972316,70
P485,C23,Music,Reel,#music,2026-02-10 05:52:46.972338,65
P486,C53,Education,Video,#education,2026-01-26 08:52:46.972356,101
P487,C72,Education,Reel,#education,2026-01-26 08:52:46.972375,42
P488,C69,Music,Reel,#music,2026-02-09 03:52:46.972394,35
P489,C1,Tech,Image,#tech,2026-02-11 23:52:46.972412,99
P490,C33,Cooking,Video,#cooking,2026-02-07 00:52:46.972432,99
P491,C87,Travel,Reel,#travel,2026-02-02 06:52:46.972453,51
P492,C12,Cooking,Reel,#cooking,2026-01-31 12:52:46.972471,12
P493,C90,Cooking,Reel,#cooking,2026-02-06 18:52:46.972490,25
P494,C88,Travel,Reel,#travel,2026-01-29 08:52:46.972510,12
P495,C98,Cooking,Reel,#cooking,2026-01-28 05:52:46.972529,82
P496,C13,Travel,Image,#travel,2026-02-09 13:52:46.972549,30
P497,C19,Cooking,Image,#cooking,2026-01-28 07:52:46.972568,84
P498,C33,Comedy,Image,#comedy,2026-01-29 05:52:46.972590,93
P499,C72,Travel,Video,#travel,2026-02-13 20:52:46.972609,34
P500,C89,Cooking,Reel,#cooking,2026-02-02 18:52:46.972628,119
